y_true,score
1,0.885027
0,0.072047
1,0.603028
0,0.361752
0,0.388731
0,0.446309
0,0.11712
0,0.442275
1,0.296251
1,0.965209
0,0.556208
0,0.412745
0,0.430138
0,0.338934
0,0.258237
0,0.403524
0,0.618207
1,0.440643
1,0.722673
1,0.450215
1,0.506065
1,0.824309
0,0.632999
1,0.376313
0,0.454417
0,0.631935
1,0.873812
1,0.433
1,0.43941
1,0.731513
0,0.291841
0,0.427583
1,0.707348
1,0.641148
0,0.522863
0,0.661527
0,0.055821
1,0.735227
0,0.276949
0,0.158608
1,0.568675
1,0.668309
0,0.390606
0,0.254187
1,0.506531
1,0.486816
1,0.803071
1,0.678614
0,0.548303
0,0.752433
1,0.448799
0,0.283757
0,0.642001
1,0.641651
0,0.446498
0,0.313715
0,0.557039
0,0.076287
1,0.665995
0,0.620429
0,0.162621
1,0.515334
0,0.276058
1,0.68075
0,0.115662
0,0.286081
1,0.670308
1,0.760678
0,0.103586
0,0.378001
1,0.581278
0,0.352238
1,0.830706
0,0.23304
1,0.587716
0,0.259531
1,0.803128
0,0.494587
0,0.407997
0,0.152105
1,0.843146
1,0.679784
0,0.679955
1,0.75729
0,0.58643
0,0.345417
0,0.309974
0,0.309983
1,0.797392
0,0.188409
0,0.355175
0,0.420373
1,0.55592
0,0.639997
0,0.222856
0,0.150586
0,0.498896
1,0.770929
1,0.680715
0,0.553705
0,0.421369
1,0.572788
1,0.439465
1,0.693643
1,0.311215
1,0.53351
0,0.472333
1,0.632594
0,0.555925
1,0.927576
1,0.817374
1,0.817087
0,0.115117
0,0.415733
0,0.352376
0,0.630118
0,0.092875
1,0.763957
1,0.744023
0,0.213817
1,0.27318
0,0.309775
0,0.510822
1,0.654973
1,0.885734
0,0.450798
1,0.68298
1,0.538776
1,0.8532
1,0.677468
1,0.797146
0,0.253946
0,0.452087
0,0.307087
1,0.818311
1,0.65873
0,0.4243
0,0.388774
0,0.618849
0,0.331481
0,0.282805
0,0.618049
1,0.921516
0,0.438775
0,0.364505
0,0.236646
0,0.208332
0,0.628312
1,0.700736
0,0.502294
0,0.582386
0,0.528947
0,0.534608
0,0.178556
0,0.387432
0,0.527841
0,0.313638
0,0.383096
1,0.30595
1,0.41739
1,0.701219
1,0.399732
0,0.461608
1,0.692901
0,0.655831
1,0.844908
0,0.110025
0,0.702004
0,0.381713
1,0.533622
1,0.697985
1,0.747109
1,0.738725
1,0.538699
1,0.833365
1,0.429725
0,0.464813
1,0.689836
0,0.365546
1,0.896684
1,0.734818
1,0.898035
0,0.493353
0,0.405382
1,0.541665
1,0.675809
0,0.357225
0,0.593801
1,0.495799
1,0.834199
0,0.340133
1,0.740037
0,0.344374
0,0.276751
0,0.329533
1,0.233226
1,0.536522
1,0.73716
0,0.540987
1,0.651202
1,0.836467
1,0.567099
0,0.548636
1,0.431665
0,0.166833
1,0.681297
0,0.147234
0,0.657613
1,0.49642
1,0.755244
1,0.483064
0,0.305085
1,0.588534
0,0.363493
0,0.454884
1,0.510466
0,0.466413
0,0.452939
0,0.303128
0,0.452857
0,0.105426
0,0.460748
1,0.231821
1,0.754038
1,0.78073
0,0.124442
0,0.536166
1,0.468451
0,0.259856
1,0.629869
0,0.386585
0,0.145841
1,0.433723
1,0.463004
1,0.526583
0,0.225966
0,0.649236
1,0.676002
0,0.241252
1,0.340997
1,0.479926
0,0.362178
1,0.851163
1,0.551905
0,0.266866
0,0.312575
0,0.485636
1,0.908527
0,0.455552
1,0.531826
1,0.625754
0,0.48997
1,0.907263
0,0.370161
1,0.677914
0,0.540024
1,0.650491
0,0.235656
1,0.854223
0,0.469655
0,0.50854
0,0.281916
1,0.325262
1,0.637433
1,0.728396
0,0.679887
0,0.770117
1,0.671392
1,0.507115
0,0.697733
0,0.644191
0,0.474877
0,0.673943
0,0.783418
1,0.558375
0,0.411879
1,0.672323
1,0.869973
1,0.447553
0,0.476939
0,0.465953
0,0.772594
0,0.137383
1,0.590455
1,0.767146
0,0.30717
1,0.815925
0,0.630721
0,0.366088
1,0.550858
0,0.177337
0,0.362259
1,0.861392
0,0.290325
1,0.863489
0,0.479618
1,0.730008
0,0.510972
0,0.096087
0,0.360625
1,0.547321
0,0.240316
0,0.206294
0,0.590537
1,0.343121
0,0.155011
0,0.335343
0,0.702815
0,0.38373
1,0.718043
1,0.821607
1,0.508128
0,0.24422
0,0.213902
1,0.493437
1,0.707041
0,0.566851
0,0.633499
0,0.390945
0,0.574546
0,0.384307
0,0.419309
0,0.215473
0,0.171901
1,0.38179
0,0.248319
0,0.277129
1,0.661738
0,0.473255
1,0.94854
1,0.716333
0,0.346788
1,0.68525
1,0.588267
0,0.334995
1,0.750746
0,0.315328
0,0.044857
1,0.688703
0,0.350405
1,0.815483
0,0.343063
0,0.234809
1,0.824691
0,0.254359
0,0.550674
1,0.809956
1,0.528593
0,0.479865
0,0.525583
1,0.698266
0,0.30857
1,0.648087
1,0.640394
1,0.91155
1,0.416654
0,0.286013
1,0.676052
0,0.401996
0,0.57178
1,0.533096
1,0.762855
0,0.34145
0,0.476946
0,0.072285
0,0.291086
1,0.822932
0,0.335925
0,0.331485
0,0.228305
1,0.641029
0,0.54438
1,0.23382
1,0.660932
0,0.564662
1,0.680057
0,0.344912
1,0.850434
0,0.601056
1,0.470811
1,0.373125
1,0.439097
1,0.702408
0,0.433161
1,0.746143
0,0.641223
1,0.793556
1,0.692983
0,0.48427
0,0.129055
1,0.574093
0,0.687633
1,0.540633
1,0.635627
0,0.384233
0,0.406012
0,0.280418
1,0.796068
1,0.539516
0,0.379308
0,0.208853
1,0.461748
1,0.808862
0,0.61347
1,0.326398
1,0.806823
0,0.806669
1,0.727262
1,0.687577
1,0.760542
1,0.63257
1,0.684602
0,0.314314
1,0.817509
1,0.557539
1,0.883316
0,0.114838
1,0.669386
1,0.727398
0,0.415097
0,0.61122
1,0.678814
1,0.640465
0,0.368267
1,0.464575
1,0.734785
1,0.781993
0,0.524724
0,0.519249
0,0.549957
1,0.738399
0,0.25845
0,0.209314
1,0.531039
0,0.248519
0,0.357298
0,0.521561
1,0.618339
0,0.255005
1,0.690318
0,0.145081
0,0.633071
0,0.171117
1,0.218416
1,0.655256
1,0.399785
0,0.310976
0,0.390603
0,0.614207
1,0.486492
1,0.492655
1,0.741691
0,0.328188
0,0.384159
0,0.372284
1,0.76295
1,0.729365
1,0.783652
1,0.491563
1,0.460879
1,0.701149
0,0.402656
1,0.696496
1,0.673552
1,0.332185
1,0.479213
0,0.470223
1,0.849839
1,0.930074
0,0.475039
1,0.503516
0,0.09266
1,0.552687
0,0.498242
0,0.254863
1,0.686885
0,0.172823
0,0.446492
0,0.534659
0,0.222873
0,0.701979
1,0.741841
0,0.19998
1,0.196575
1,0.646173
1,0.492376
0,0.229453
0,0.426725
0,0.473147
0,0.464301
0,0.695824
0,0.594885
0,0.854391
1,0.798084
1,0.663398
1,0.745941
1,0.789816
1,0.669516
0,0.226927
0,0.702539
1,0.51806
1,0.834631
1,0.523352
0,0.628548
0,0.581672
1,0.843067
1,0.54418
1,0.43302
0,0.576664
0,0.391858
1,0.540421
1,0.498132
1,0.567491
1,0.872504
0,0.399946
0,0.509242
0,0.450292
1,0.662088
0,0.234769
0,0.333426
1,0.490129
0,0.633241
1,0.488432
0,0.377473
0,0.295915
1,0.625217
1,0.808795
1,0.580025
0,0.546896
1,0.609182
0,0.280365
0,0.422706
0,0.433416
1,0.573279
1,0.491994
0,0.228571
0,0.754957
1,0.844541
0,0.434578
1,0.598409
1,0.566396
1,0.686684
0,0.18546
1,0.833829
0,0.385125
1,0.779753
1,0.520157
0,0.403824
1,0.464944
1,0.710368
0,0.296655
0,0.40729
0,0.381737
0,0.152458
1,0.785907
1,0.640812
1,0.494671
1,0.761998
0,0.277594
1,0.481646
1,0.848823
1,0.727042
0,0.097488
0,0.034487
1,0.261555
1,0.742936
0,0.384038
0,0.445778
0,0.647546
0,0.292101
1,0.553019
0,0.688282
1,0.614677
1,0.597713
0,0.353876
1,0.625811
1,0.394692
1,0.786666
1,0.928912
0,0.323025
0,0.102064
0,0.395216
0,0.593112
1,0.7408
1,0.746308
0,0.313469
0,0.311474
1,0.78028
1,0.251169
1,0.748425
1,0.44352
1,0.682742
1,0.669553
1,0.684958
1,0.694327
0,0.271032
0,0.573836
1,0.503496
1,0.576497
1,0.774387
1,0.432635
0,0.329164
1,0.325608
1,0.422915
0,0.679747
0,0.306865
1,0.761198
0,0.572107
0,0.443712
0,0.208886
1,0.560929
1,0.666294
0,0.14607
1,0.767091
1,0.838586
1,0.583827
1,0.620526
1,0.917866
1,0.774149
0,0.289512
0,0.495839
1,0.460848
1,0.462352
0,0.085938
1,0.680703
0,0.345985
1,0.540822
0,0.466018
0,0.704974
1,0.426582
1,0.311004
0,0.630048
1,0.802958
0,0.420722
1,0.797372
0,0.565173
0,0.369881
1,0.821297
0,0.306055
1,0.733812
0,0.377967
0,0.610691
0,0.225456
0,0.302042
1,0.743655
1,0.546891
0,0.509572
1,0.391787
0,0.609802
0,0.19825
0,0.246023
0,0.460634
0,0.302741
0,0.331681
0,0.482132
0,0.465674
1,0.444602
1,0.840945
1,0.733231
1,0.773772
1,0.49296
0,0.37644
0,0.189402
0,0.413834
0,0.110469
0,0.358072
1,0.682273
1,0.835006
1,0.724243
0,0.297005
0,0.620723
1,0.312348
1,0.694867
0,0.472188
1,0.702284
1,0.929097
1,0.715556
1,0.911529
1,0.544245
0,0.418309
1,0.791453
1,0.848689
0,0.364702
1,0.519149
0,0.192394
1,0.450155
1,0.708546
1,0.478417
0,0.361417
0,0.19667
1,0.591037
0,0.689448
1,0.644855
0,0.563484
0,0.218562
1,0.853436
1,0.48587
1,0.463864
1,0.675448
0,0.103105
1,0.483889
0,0.465856
0,0.592011
1,0.793665
1,0.615904
0,0.137988
0,0.416034
0,0.551203
0,0.536726
0,0.217335
0,0.159258
1,0.633906
1,0.585049
0,0.494675
0,0.151174
1,0.854961
0,0.052142
1,0.409968
1,0.89004
0,0.460725
0,0.557759
0,0.235206
1,0.795539
0,0.215409
1,0.563264
1,0.533675
0,0.259086
1,0.708266
0,0.195296
0,0.335484
0,0.492825
1,0.398313
1,0.614864
1,0.715868
0,0.42708
0,0.367847
1,0.373559
1,0.409606
1,0.692035
1,0.445817
1,0.600522
1,0.477228
0,0.300595
1,0.703437
0,0.261528
1,0.501549
1,0.815631
0,0.251034
1,0.486206
0,0.170119
1,0.37533
0,0.183232
0,0.410575
0,0.368584
1,0.532945
1,0.829813
0,0.570278
1,0.65885
1,0.487327
1,0.439172
0,0.302804
0,0.141747
1,0.517148
1,0.83605
1,0.616874
0,0.369587
1,0.838811
0,0.3935
0,0.350045
0,0.229225
0,0.276468
1,0.438719
1,0.880694
1,0.448638
0,0.26279
1,0.353105
1,0.444514
0,0.152937
1,0.531615
1,0.668336
0,0.579522
1,0.645824
0,0.215929
1,0.154649
1,0.783397
1,0.749196
0,0.176497
1,0.551413
0,0.506382
1,0.632948
0,0.551958
0,0.37704
1,0.54866
1,0.539181
1,0.487845
0,0.135589
0,0.047643
0,0.312128
0,0.163178
0,0.562807
