label,p_cat,p_dog,p_fox,p_owl
dog,0.814699,0.151845,0.028683,0.004773
owl,0.005172,0.013826,0.023124,0.957878
fox,0.004247,0.002925,0.942608,0.05022
cat,0.669716,0.00258,0.035504,0.2922
dog,0.005866,0.986097,0.00116,0.006877
owl,0.021519,0.180796,0.008972,0.788713
owl,0.327402,0.120468,0.000137,0.551992
cat,0.326878,0.52338,0.055971,0.093771
cat,0.032419,0.004166,0.959234,0.004182
dog,0.038866,0.559753,0.007822,0.393558
fox,0.074454,0.065,0.00153,0.859016
cat,0.979918,1.6e-05,0.017977,0.002088
dog,0.000341,0.74171,0.257882,6.7e-05
dog,0.016057,0.882224,0.007465,0.094254
cat,0.005301,0.571304,0.422494,0.000901
cat,0.929746,0.010493,0.058483,0.001277
cat,0.05303,0.012678,0.306504,0.627787
fox,0.003163,0.014735,0.97634,0.005762
fox,0.004639,0.171445,0.691313,0.132603
owl,0.05477,0.003809,0.005375,0.936046
owl,0.023101,0.033168,0.223799,0.719932
cat,0.848598,0.004623,0.114266,0.032513
cat,0.235144,0.052864,0.007371,0.704621
dog,0.004032,0.231272,0.010667,0.754029
cat,0.097788,0.898918,0.002415,0.00088
owl,4.7e-05,8e-06,0.000184,0.99976
owl,0.003221,0.005895,0.838959,0.151925
owl,0.008972,0.008233,0.115676,0.867119
fox,0.003292,0.052889,0.940721,0.003099
fox,0.591586,0.001796,0.368443,0.038175
fox,0.123404,0.017053,0.859259,0.000285
dog,0.000768,0.756722,4.2e-05,0.242468
owl,0.000315,0.457012,0.055098,0.487575
fox,0.002659,2.1e-05,0.876887,0.120433
dog,0.088387,0.048246,0.857093,0.006274
cat,0.912729,0.0077,0.032189,0.047382
fox,0.00406,0.007776,0.972136,0.016028
cat,0.731354,0.045774,0.005841,0.217031
owl,0.584379,0.23937,0.078506,0.097745
fox,0.001872,0.000775,0.996203,0.00115
fox,6.1e-05,0.003477,0.996443,1.9e-05
cat,0.049291,0.183297,0.000539,0.766873
dog,0.127107,0.167514,0.194444,0.510935
cat,0.16289,0.516058,0.031122,0.28993
cat,0.611543,0.002874,0.374196,0.011387
fox,0.003437,0.00283,0.98858,0.005154
fox,0.005163,0.008557,0.245842,0.740438
owl,0.157678,0.010055,0.011855,0.820412
fox,0.113978,0.00455,0.033146,0.848326
owl,0.01047,0.013611,0.000248,0.975672
owl,0.000149,0.068761,0.023587,0.907503
cat,0.758797,0.240788,0.000115,0.000301
fox,0.916394,0.000348,0.00644,0.076817
owl,0.000503,0.00013,0.127752,0.871614
dog,0.265031,0.606081,0.044327,0.084561
fox,0.119905,0.011527,0.02082,0.847748
cat,0.754667,0.230918,0.003981,0.010434
dog,0.018923,0.334563,0.611034,0.035479
fox,0.007664,0.007309,0.984424,0.000603
cat,0.989762,0.004521,0.005631,8.6e-05
owl,0.002318,0.979531,0.006956,0.011194
cat,0.155615,0.817624,0.026714,4.7e-05
owl,0.046627,0.001137,2.7e-05,0.952209
cat,0.967369,0.022925,0.008411,0.001295
cat,0.989616,0.004578,0.003328,0.002478
dog,0.027679,0.257741,0.123523,0.591058
owl,0.020964,0.151113,0.004668,0.823255
fox,0.012748,0.344688,0.503501,0.139064
dog,0.644186,0.300988,0.014232,0.040594
fox,0.191087,3.2e-05,0.131573,0.677308
cat,0.936796,0.002515,0.026347,0.034341
owl,0.208737,0.222102,0.006479,0.562682
owl,0.025634,0.003257,5.1e-05,0.971058
dog,0.079297,0.880521,0.033574,0.006608
owl,0.104942,0.026935,0.031008,0.837115
cat,0.994182,0.004831,0.000809,0.000178
owl,0.001252,0.840854,0.034674,0.12322
cat,0.015478,0.001682,0.444728,0.538111
dog,0.627332,0.079589,0.08104,0.212039
owl,5.8e-05,0.003006,0.000497,0.99644
dog,0.000694,0.446062,0.550622,0.002622
owl,0.047985,0.481938,0.274519,0.195558
dog,0.000851,0.99892,0.000105,0.000123
dog,0.001478,0.996467,0.000821,0.001234
owl,0.830549,0.000113,0.036588,0.132749
fox,0.083306,0.015372,0.899588,0.001734
fox,0.002013,0.00022,0.162621,0.835145
cat,0.84075,0.003327,0.004282,0.151641
cat,0.172161,0.51614,0.137285,0.174415
fox,0.031962,0.067818,0.139031,0.761189
owl,0.016904,0.90264,0.021865,0.058591
dog,0.002236,0.932892,0.001048,0.063824
cat,0.584615,0.379643,0.031455,0.004287
fox,0.000471,0.002457,0.008852,0.98822
cat,0.96047,0.004153,0.001331,0.034046
fox,0.24078,0.180147,0.564918,0.014155
cat,0.342955,0.296998,0.31672,0.043327
fox,0.463654,0.070679,0.426971,0.038696
fox,0.000177,0.000116,0.995268,0.004439
dog,0.086821,0.852624,0.000299,0.060256
dog,0.006414,0.012049,0.001286,0.980251
owl,0.691075,0.000861,0.00196,0.306104
fox,0.030376,3.1e-05,0.397396,0.572197
cat,0.914822,0.076712,0.007772,0.000693
cat,0.939182,0.000351,0.059331,0.001136
cat,0.535247,0.000202,0.008558,0.455993
dog,0.013016,0.881242,0.103874,0.001869
fox,0.68875,0.061139,0.201252,0.048858
owl,0.105741,0.483754,0.059165,0.35134
cat,0.44066,0.518703,0.000465,0.040172
fox,0.000986,0.000381,0.997186,0.001447
cat,0.888951,0.001177,0.035013,0.07486
dog,0.001449,0.915174,0.008275,0.075103
owl,0.075446,0.003678,0.820177,0.100699
cat,0.899713,0.050545,0.049373,0.00037
cat,0.826649,0.068132,0.000649,0.10457
cat,0.987784,0.005987,0.001672,0.004557
dog,0.000967,0.993398,0.002467,0.003167
cat,0.949604,0.001516,0.048072,0.000809
dog,0.000131,0.000272,0.997848,0.00175
fox,0.123757,0.708976,0.096935,0.070333
cat,0.99717,0.000189,4.2e-05,0.002599
fox,0.00014,0.059546,0.939901,0.000414
fox,0.000283,0.073516,0.926196,4e-06
cat,0.178984,0.021569,0.797765,0.001681
owl,0.089673,0.000202,0.00094,0.909185
dog,0.728949,0.265451,0.005328,0.000271
fox,0.026565,0.076316,0.833563,0.063556
owl,7e-05,0.00151,0.001636,0.996784
cat,0.952704,0.002802,0.000449,0.044045
cat,0.098007,0.066212,0.483983,0.351798
cat,0.956316,0.009508,0.026621,0.007555
owl,0.017782,0.009357,0.942973,0.029888
owl,0.106864,0.053422,0.001028,0.838685
cat,0.301671,0.195781,0.499738,0.00281
fox,0.87055,0.081182,0.033041,0.015227
cat,0.099011,0.017137,0.133954,0.749898
owl,0.251534,0.073949,0.382301,0.292216
cat,0.109885,0.046227,0.827208,0.01668
owl,0.081202,0.04314,0.048512,0.827146
fox,0.00932,0.374042,0.398205,0.218432
owl,0.004685,3.1e-05,0.012278,0.983005
owl,0.516913,0.05411,0.003761,0.425216
cat,0.734036,5.6e-05,0.264757,0.001151
fox,4.5e-05,0.000305,0.998993,0.000657
dog,0.001485,0.10911,0.888905,0.0005
owl,0.087534,0.004512,0.298821,0.609134
dog,0.013458,0.005865,0.980227,0.00045
dog,0.006253,0.787532,0.040267,0.165948
cat,0.281399,0.459518,0.254285,0.004798
owl,0.012255,0.613424,0.096488,0.277833
fox,0.004594,0.221696,0.111991,0.661719
fox,2.7e-05,0.007176,0.258604,0.734192
fox,0.001496,0.008229,0.990272,3e-06
fox,0.003303,0.293809,0.034523,0.668365
cat,0.95913,0.006875,0.006667,0.027328
owl,5.5e-05,0.000234,0.00367,0.996041
owl,0.009946,0.175066,0.02816,0.786828
dog,0.011411,0.895361,0.000749,0.092479
owl,0.002027,0.035559,0.962369,4.5e-05
dog,0.239643,0.717512,0.039633,0.003212
fox,0.261317,0.053608,0.68188,0.003195
fox,0.911005,0.001782,0.08696,0.000253
owl,0.007801,0.169759,0.154671,0.667769
cat,0.94228,0.002366,0.042871,0.012483
fox,0.276228,0.003055,0.068364,0.652352
cat,0.656317,0.326905,0.014936,0.001842
cat,0.998047,0.00063,5.3e-05,0.00127
cat,0.76127,0.233894,0.001703,0.003133
cat,0.971103,0.00121,0.007286,0.0204
dog,0.51953,0.03238,0.365987,0.082103
fox,0.137666,0.001571,0.832179,0.028584
owl,0.009031,0.354863,0.040704,0.595401
owl,6e-06,3.1e-05,0.002675,0.997288
owl,0.037422,0.021399,0.018419,0.92276
fox,0.011759,0.101914,0.788598,0.09773
owl,0.016616,0.006851,0.63592,0.340613
owl,0.055187,0.077866,2.9e-05,0.866917
fox,0.005843,0.036313,0.954036,0.003808
owl,0.000924,0.368278,0.014613,0.616185
owl,0.000392,0.000841,3e-06,0.998764
owl,0.071951,0.06849,0.856676,0.002884
owl,0.00172,0.024182,0.009728,0.964369
fox,0.313698,0.009371,0.673857,0.003074
dog,0.184741,0.721134,0.031234,0.062891
dog,0.063428,0.654515,0.002282,0.279775
dog,0.188833,0.279633,0.524676,0.006857
dog,0.001785,0.849429,0.13833,0.010455
cat,0.697277,0.166744,0.035976,0.100003
fox,5.5e-05,0.000437,0.986013,0.013495
fox,0.007304,0.877374,0.114749,0.000573
fox,0.012333,0.325786,0.629755,0.032126
dog,0.96567,0.018649,0.013367,0.002314
cat,0.994783,0.000568,0.001854,0.002795
fox,0.009177,0.007769,0.98304,1.4e-05
owl,0.556598,0.026721,0.115323,0.301358
fox,0.152004,0.066967,0.75271,0.028319
owl,0.001071,0.265853,0.017536,0.71554
cat,0.973873,0.001578,0.015136,0.009413
fox,0.00523,0.641478,0.352717,0.000574
cat,0.951764,0.007109,0.027758,0.01337
cat,0.661264,0.009224,0.301082,0.028431
cat,0.068357,0.917793,0.000316,0.013534
owl,0.003967,0.015426,0.002065,0.978542
cat,0.973093,0.001661,0.000391,0.024855
fox,0.202194,0.414046,0.343116,0.040644
cat,0.147502,0.003601,0.337806,0.511091
cat,0.998065,3e-05,0.001857,4.9e-05
owl,0.449844,0.001628,0.011225,0.537302
fox,0.017486,0.018607,0.963238,0.000669
dog,0.002499,0.642148,0.257787,0.097566
fox,4.2e-05,0.001916,0.960828,0.037214
fox,0.083622,0.007956,0.659613,0.248809
fox,3.9e-05,0.000112,0.997652,0.002197
cat,0.609742,0.066135,0.320487,0.003636
dog,0.005752,0.987437,0.006645,0.000166
fox,0.011527,0.485845,0.499073,0.003555
owl,0.000332,0.023296,0.054957,0.921415
fox,0.250007,0.013632,0.736141,0.00022
dog,0.021518,0.766778,0.208101,0.003603
dog,0.098865,0.897215,0.000334,0.003586
owl,0.20573,0.469725,0.192676,0.131869
fox,0.042099,0.134154,0.820335,0.003413
dog,0.005698,0.990934,0.000364,0.003005
cat,0.241035,0.001551,0.755819,0.001595
cat,0.224483,0.542294,0.23288,0.000343
cat,0.541402,0.00701,0.006636,0.444952
dog,2.7e-05,0.027272,0.001098,0.971603
fox,0.120793,0.126215,0.156902,0.59609
dog,0.202098,0.753297,0.039929,0.004676
fox,0.324958,0.181157,0.464967,0.028918
cat,0.724284,0.0094,0.00455,0.261766
cat,0.07217,4e-05,0.927437,0.000354
dog,8.2e-05,0.998361,0.001512,4.6e-05
owl,0.006891,0.293637,0.627461,0.072011
owl,0.069074,0.169101,0.003247,0.758577
cat,0.054076,0.012476,0.014174,0.919275
owl,0.003338,0.000591,0.000887,0.995184
dog,0.008965,0.805571,0.158775,0.02669
cat,0.846238,0.000104,0.153205,0.000453
cat,0.609804,0.388087,9e-06,0.002099
owl,0.193173,0.278337,0.238357,0.290133
dog,0.034284,0.777315,0.007273,0.181128
dog,7e-06,0.029575,0.000231,0.970188
fox,0.013357,0.001958,0.982852,0.001833
owl,0.147486,0.001723,0.152309,0.698482
dog,0.067607,0.002283,0.926478,0.003632
fox,0.261756,0.142864,0.585405,0.009975
dog,0.148242,0.188688,0.383275,0.279795
cat,0.715608,0.14305,0.138084,0.003258
owl,0.091187,0.007868,0.000741,0.900203
dog,0.007614,0.454825,0.537184,0.000377
owl,0.415259,0.352104,0.1183,0.114337
fox,0.061614,0.000735,0.937427,0.000223
owl,0.296993,0.012181,0.012564,0.678261
fox,0.940733,0.006603,0.033517,0.019147
fox,2.6e-05,0.007423,0.992103,0.000448
cat,0.472218,0.001313,0.169459,0.35701
fox,0.05847,0.028551,0.903363,0.009616
fox,0.108912,0.004469,0.413957,0.472662
fox,0.005542,0.000434,0.994023,2e-06
cat,0.28567,0.689886,0.019145,0.0053
owl,3e-05,1e-06,9.2e-05,0.999877
cat,0.969052,0.017541,0.002731,0.010675
owl,0.099869,0.000493,0.000722,0.898917
cat,0.959942,0.026155,0.003004,0.010899
fox,0.156127,0.000142,0.828764,0.014967
dog,0.015353,0.868111,0.11484,0.001695
dog,0.291006,0.673798,0.033746,0.00145
cat,0.113821,0.000116,0.886052,1.1e-05
dog,0.004997,0.727687,0.064585,0.20273
fox,0.006277,0.001531,0.992187,6e-06
dog,0.78471,0.007703,0.090544,0.117044
owl,0.064889,0.011192,0.72453,0.199388
dog,2.4e-05,0.853446,0.146527,3e-06
dog,0.001497,0.919756,0.077564,0.001183
owl,0.141416,0.053655,0.139594,0.665336
cat,0.899354,0.032343,0.02854,0.039763
owl,0.003259,0.000279,0.002225,0.994236
dog,0.815782,0.09582,0.062183,0.026215
dog,0.005893,0.003486,0.990257,0.000364
dog,0.920122,0.02056,0.002109,0.057209
owl,0.004495,0.051336,0.050883,0.893286
cat,0.424883,0.070821,0.492322,0.011974
dog,0.28568,0.54817,0.165636,0.000514
dog,0.000567,0.919157,0.013142,0.067134
dog,0.001343,0.995859,0.002704,9.3e-05
cat,0.292898,0.628379,0.01756,0.061163
fox,0.08816,0.004812,0.806925,0.100104
cat,0.999878,7e-06,6.1e-05,5.4e-05
cat,0.680691,0.314346,0.003592,0.001372
fox,0.000137,0.001091,0.980329,0.018443
owl,0.005327,0.440422,0.111972,0.442279
dog,0.159868,0.433561,0.004529,0.402041
cat,0.979733,0.000194,0.003315,0.016758
owl,0.099746,0.359995,0.248131,0.292129
fox,0.499687,0.034326,0.413253,0.052734
fox,0.002075,0.01976,0.839481,0.138684
owl,0.039895,0.194983,0.40318,0.361943
cat,0.740509,0.108422,0.007829,0.14324
owl,0.002919,0.285918,0.033215,0.677948
owl,0.005601,0.005222,0.065629,0.923548
cat,0.623496,0.353203,0.020178,0.003123
owl,0.01805,0.03474,0.03263,0.914581
dog,0.778007,0.139831,0.069869,0.012293
dog,5.4e-05,0.996534,0.003391,2.1e-05
cat,0.683069,0.313002,0.002809,0.00112
owl,0.000922,0.005632,0.015835,0.977611
owl,0.165709,0.153159,0.255949,0.425182
fox,0.040626,0.187074,0.682468,0.089832
cat,0.016357,0.000405,7.8e-05,0.98316
dog,0.102249,0.355394,0.21829,0.324067
owl,0.433893,0.000126,0.022541,0.543439
dog,0.001036,0.412379,0.582158,0.004428
dog,8e-06,0.999928,5.8e-05,6e-06
cat,0.117065,0.202279,0.09613,0.584526
owl,0.019847,0.07125,0.13772,0.771183
owl,3e-06,5.5e-05,1.6e-05,0.999925
owl,0.001932,0.851192,0.013035,0.13384
owl,0.015322,0.025294,0.9545,0.004884
fox,0.002814,0.003378,0.906344,0.087464
owl,0.05144,0.002976,0.019249,0.926335
cat,0.870554,0.007157,0.017446,0.104843
cat,0.969168,6.3e-05,0.026694,0.004075
cat,0.989536,0.009777,0.000392,0.000295
owl,0.194765,0.253125,0.413852,0.138257
cat,0.972615,6.4e-05,0.019112,0.00821
dog,0.501558,0.262795,0.019309,0.216339
owl,9.5e-05,0.242668,0.001677,0.75556
cat,0.065329,2.1e-05,0.00426,0.930391
cat,0.758222,0.01903,0.222613,0.000135
dog,0.237599,0.709246,0.051205,0.00195
fox,0.0,0.000395,0.999362,0.000243
cat,0.903577,0.008686,0.000102,0.087635
owl,0.00124,0.310709,0.101236,0.586816
dog,0.490065,0.450219,0.015945,0.04377
cat,0.732918,0.077646,0.17402,0.015416
cat,0.474502,0.009014,0.499516,0.016968
fox,0.000388,0.000748,0.998862,3e-06
dog,0.000759,0.994205,0.002918,0.002118
cat,0.995278,0.002577,0.000239,0.001906
cat,0.931086,0.06684,0.000509,0.001565
fox,0.260693,0.295048,0.107994,0.336265
owl,0.109188,0.000116,0.008345,0.882351
fox,0.012839,0.000135,0.380615,0.60641
fox,0.003871,0.0,0.996127,1e-06
dog,0.180629,0.40461,0.194847,0.219914
dog,0.005364,0.97369,0.019643,0.001304
cat,0.926332,0.024707,0.048943,1.7e-05
cat,0.823691,0.092233,0.083227,0.00085
dog,0.042074,0.830216,0.002292,0.125418
cat,0.130763,0.005595,0.79076,0.072882
owl,0.367222,0.058219,0.001172,0.573386
fox,0.005436,0.251293,0.741854,0.001418
fox,0.003317,0.00016,0.134009,0.862514
dog,0.037213,0.640129,0.310949,0.01171
fox,1.5e-05,0.47519,0.522588,0.002207
fox,0.005409,0.3378,0.209503,0.447288
dog,0.06279,0.774647,0.157573,0.00499
owl,0.387885,0.008413,0.347795,0.255906
fox,0.619428,0.004565,0.099358,0.276648
owl,0.000143,0.000838,0.000574,0.998445
fox,0.620758,0.051634,0.020004,0.307605
dog,0.00198,0.996133,0.001883,4e-06
cat,0.996492,0.003449,2e-06,5.7e-05
owl,0.146742,0.368723,0.003661,0.480873
fox,0.00919,0.004503,0.983336,0.002971
cat,0.99981,1.1e-05,0.00018,0.0
dog,0.000243,0.443752,0.000599,0.555406
cat,0.943739,0.004244,0.032169,0.019849
dog,0.001997,0.941462,0.055003,0.001537
dog,0.001437,0.583006,0.015036,0.400521
cat,0.989617,0.005078,0.005039,0.000265
dog,0.060593,0.667965,0.039541,0.231901
dog,0.017512,0.527972,0.019006,0.43551
owl,1.2e-05,0.048933,0.001788,0.949267
dog,0.010257,0.981119,0.00049,0.008134
fox,0.831646,9e-06,0.123986,0.044359
fox,0.460861,0.098358,0.439271,0.001511
dog,0.728369,0.208239,0.028951,0.034441
dog,0.606427,0.112545,0.279959,0.001069
cat,0.891249,0.076672,0.02132,0.010759
cat,0.533984,0.279503,0.186147,0.000366
dog,0.001464,0.958718,1e-06,0.039817
fox,0.003917,0.000934,0.995111,3.8e-05
fox,0.01848,0.89777,0.080489,0.00326
fox,0.013215,0.031654,0.954507,0.000623
cat,0.125167,0.000218,0.867884,0.006731
dog,3.4e-05,0.976119,0.003207,0.020639
cat,0.095118,3.4e-05,4e-05,0.904808
dog,0.013413,0.952994,0.024955,0.008638
fox,0.001569,0.964589,0.031924,0.001918
owl,0.000281,0.000173,4.3e-05,0.999503
owl,0.009023,0.0003,0.00212,0.988557
cat,0.978888,0.007479,0.001526,0.012107
fox,0.007591,0.00181,0.969406,0.021193
dog,0.458113,0.447716,0.081718,0.012452
cat,0.997758,0.000992,4.7e-05,0.001203
cat,0.95718,0.001714,0.027573,0.013533
fox,0.000625,0.133721,0.096033,0.769621
owl,0.000394,0.018677,0.047914,0.933015
dog,0.056244,0.87286,0.003472,0.067424
owl,0.135487,0.000345,0.000594,0.863574
owl,0.010386,0.171768,0.063441,0.754405
dog,0.001185,0.922751,0.04241,0.033653
fox,0.002464,0.002583,0.992722,0.00223
fox,0.187786,0.431311,0.188532,0.192371
cat,0.997868,0.001553,8.9e-05,0.00049
dog,0.003971,0.136161,0.792146,0.067723
cat,0.001528,0.992843,0.000649,0.00498
owl,8.5e-05,0.001984,0.000387,0.997544
cat,0.079129,0.709674,0.050535,0.160661
fox,0.015669,0.004034,0.925099,0.055198
cat,0.990691,0.002579,0.006713,1.7e-05
cat,0.870255,0.080833,0.048724,0.000188
fox,0.748047,0.018716,0.205761,0.027477
dog,0.110578,0.701703,0.005321,0.182398
dog,0.104333,0.872255,0.014975,0.008436
fox,0.034056,0.025539,0.939011,0.001394
cat,0.980175,0.010655,0.000245,0.008925
owl,0.033167,0.195226,0.055363,0.716244
fox,0.196729,0.113282,0.677021,0.012969
cat,0.513779,0.001958,0.017784,0.466479
dog,0.026825,0.183085,0.041516,0.748574
dog,0.077779,0.920049,0.000775,0.001398
owl,0.021222,0.089679,6.5e-05,0.889034
owl,0.000938,0.000393,0.01032,0.988348
dog,0.005625,0.044396,0.003069,0.94691
cat,0.874974,0.001373,0.120691,0.002961
owl,0.105579,0.071628,0.035396,0.787398
dog,0.02353,0.556272,0.231736,0.188462
dog,0.002786,0.099245,0.883407,0.014562
cat,0.127393,9.7e-05,0.690703,0.181807
fox,0.610325,0.002897,0.362493,0.024285
owl,0.001206,8e-06,1.9e-05,0.998768
fox,0.040232,0.735559,0.201235,0.022974
dog,0.728986,0.270771,0.000231,1.2e-05
dog,0.855808,0.055791,0.024227,0.064174
cat,0.010117,0.985593,0.002251,0.002039
fox,0.022283,0.002318,0.973806,0.001593
dog,0.000481,0.402314,0.584464,0.012741
fox,0.006346,0.050522,0.939044,0.004089
dog,0.060698,0.86956,0.067913,0.001829
cat,0.522861,0.01374,0.293082,0.170317
cat,0.715738,0.19855,0.003399,0.082313
cat,0.049823,0.01381,0.935625,0.000741
dog,0.05072,0.946312,0.00285,0.000118
dog,0.997822,0.000482,0.001628,6.8e-05
owl,0.002837,0.004638,0.598956,0.393569
dog,0.001769,0.989679,0.003563,0.004989
owl,0.031038,0.044327,4.9e-05,0.924586
owl,0.015903,0.031316,0.02728,0.925502
owl,0.000753,0.053234,0.000328,0.945685
fox,0.000425,0.017391,0.972346,0.009838
dog,0.000159,0.999501,0.00033,1.1e-05
owl,0.642715,0.000191,0.158463,0.19863
fox,0.038121,0.414218,0.337318,0.210343
dog,0.010397,0.932882,0.005996,0.050726
fox,0.009665,0.014134,0.975322,0.000879
owl,0.849431,0.09078,0.023127,0.036663
cat,0.09015,0.630186,0.013381,0.266282
cat,0.155614,0.142883,0.663355,0.038148
dog,0.000551,0.252209,0.406497,0.340743
dog,0.00238,0.952061,0.027035,0.018524
cat,0.126978,0.093332,0.057809,0.72188
fox,0.097232,0.00123,0.850482,0.051056
owl,0.04461,0.001952,0.015788,0.937649
owl,0.072317,0.004329,0.022279,0.901074
cat,0.730145,0.002522,0.267258,7.5e-05
fox,0.001154,0.002917,0.995875,5.5e-05
cat,0.955851,0.031243,0.000663,0.012243
fox,0.006878,1.7e-05,0.084474,0.90863
fox,0.044546,0.000255,0.928038,0.027161
dog,0.024022,0.962455,0.000274,0.013249
fox,0.707823,0.093345,0.087287,0.111545
fox,0.71804,0.040291,0.229097,0.012572
fox,0.409817,0.011241,0.448529,0.130413
owl,0.000562,0.002064,0.006282,0.991092
dog,0.070071,0.069238,0.001255,0.859436
fox,0.06998,0.021244,0.842175,0.066602
fox,0.11598,0.023126,0.860747,0.000147
fox,0.00298,2.1e-05,0.996847,0.000151
fox,0.015461,0.269425,0.70592,0.009194
cat,0.67398,0.002501,0.215764,0.107754
fox,0.076101,0.028674,0.871279,0.023946
dog,0.048514,0.856706,3.8e-05,0.094742
dog,0.005445,0.981399,0.001153,0.012003
dog,0.060923,0.746335,0.131265,0.061478
cat,0.858732,0.011202,0.00025,0.129817
fox,0.036928,0.130006,0.280225,0.552841
owl,0.000272,0.008561,0.587102,0.404065
fox,0.049062,0.013549,0.838691,0.098698
dog,0.000711,0.99546,0.001721,0.002108
fox,0.151564,0.001446,0.008568,0.838423
cat,0.988336,0.00273,0.008274,0.000659
cat,0.996281,0.003209,2e-05,0.00049
fox,0.278823,0.011067,0.561469,0.148641
dog,0.062128,0.230133,0.091416,0.616323
dog,0.007537,0.991956,0.000506,1e-06
fox,0.007896,0.986183,0.001444,0.004476
fox,0.031368,0.245627,0.716166,0.006839
fox,0.996364,0.001644,0.001849,0.000143
dog,0.00593,0.388657,0.000528,0.604885
cat,0.561373,0.296151,0.139775,0.002701
cat,0.955907,0.040794,0.003289,1e-05
fox,2.5e-05,0.009112,0.989603,0.00126
cat,0.909316,0.052539,0.013918,0.024227
owl,0.411944,0.00011,0.145633,0.442312
fox,0.000995,0.000545,0.994267,0.004192
owl,6.6e-05,0.688272,0.102985,0.208677
cat,0.999505,0.000251,1.9e-05,0.000225
fox,0.154503,0.027236,0.768452,0.049809
owl,0.000915,0.436069,0.527917,0.035099
cat,0.444303,0.030608,0.51802,0.00707
cat,0.972909,0.000277,0.026735,8e-05
dog,0.002913,0.456198,0.539739,0.00115
cat,0.179824,0.793957,0.020654,0.005565
cat,0.861331,0.000367,0.078111,0.06019
owl,0.008065,0.000226,7.6e-05,0.991633
dog,0.000196,0.901301,0.055605,0.042898
fox,1.7e-05,0.010514,0.989435,3.3e-05
owl,9.7e-05,0.004942,0.000616,0.994345
owl,0.005372,0.010718,5.8e-05,0.983852
owl,0.012829,0.000174,0.074478,0.912518
cat,0.93503,0.001326,0.043671,0.019973
cat,0.980259,0.000634,0.015669,0.003438
fox,0.027072,0.08031,0.888157,0.004461
owl,0.126886,6.6e-05,0.112126,0.760922
owl,0.115371,0.208003,0.078269,0.598357
fox,0.154589,0.52284,0.319054,0.003517
owl,0.063588,0.000335,0.29633,0.639747
dog,0.000782,0.979639,0.019578,1e-06
owl,6.3e-05,1e-06,0.00125,0.998686
owl,0.021314,0.119677,0.591706,0.267303
owl,0.374117,0.190305,0.000255,0.435324
owl,0.021136,0.055782,0.724713,0.198369
owl,0.398984,0.062297,0.125074,0.413646
cat,0.973374,6.3e-05,0.010553,0.01601
fox,0.035846,0.349706,0.585248,0.029201
fox,0.060019,0.025562,0.914168,0.000252
cat,0.871181,0.009784,0.11779,0.001246
owl,0.00051,0.491059,0.015842,0.492589
fox,0.000148,0.692223,0.3024,0.005228
owl,0.044055,0.035134,0.012958,0.907853
owl,0.923507,0.042485,0.001162,0.032845
fox,0.000294,0.0801,0.895295,0.024312
owl,0.770984,0.016973,0.031281,0.180763
cat,0.986226,0.001011,0.01123,0.001533
dog,0.020889,0.94532,0.027849,0.005942
dog,0.000589,0.998871,0.000311,0.000228
owl,1e-05,0.00012,0.002229,0.997641
fox,0.037576,0.849537,0.110725,0.002161
owl,0.001611,0.00183,0.006159,0.9904
fox,0.008459,0.514553,0.44553,0.031459
owl,0.041043,0.341294,0.528206,0.089456
owl,0.103427,3e-06,0.079711,0.816858
dog,0.066357,0.930869,6.4e-05,0.002711
cat,0.004916,0.12054,0.86951,0.005033
owl,0.038295,0.000217,0.035265,0.926223
fox,0.000529,0.00645,0.9929,0.000122
owl,0.001236,0.000196,0.067381,0.931188
owl,0.098644,0.059377,0.010814,0.831164
fox,0.000484,0.469716,0.422559,0.10724
fox,0.06068,0.082026,0.851751,0.005544
cat,0.995499,0.000844,0.000269,0.003388
owl,0.376205,0.039685,0.006732,0.577378
dog,0.08786,0.387611,0.008516,0.516012
fox,0.00739,0.026556,0.964623,0.001431
fox,0.023845,0.563477,0.167275,0.245403
dog,0.651816,0.007721,0.324103,0.016359
cat,0.707584,0.192758,0.080617,0.019041
dog,0.002301,0.065563,0.619625,0.31251
fox,0.001254,0.055032,0.659095,0.284619
fox,0.002121,0.001776,0.982836,0.013267
fox,0.006365,0.720949,0.269889,0.002797
fox,0.032175,0.000338,0.965967,0.001521
owl,0.027201,0.094954,0.386207,0.491638
cat,0.94194,0.049267,0.008792,1e-06
owl,0.043339,0.001696,0.067314,0.887651
cat,0.946655,0.010781,0.019835,0.022729
fox,0.006139,0.005552,0.026319,0.961989
dog,0.004583,0.987186,0.002317,0.005915
owl,0.01481,0.093445,0.269265,0.622481
fox,0.001112,0.010407,0.984987,0.003495
fox,0.001134,0.187669,0.798696,0.012501
dog,0.000311,0.934339,0.003119,0.062231
cat,0.701095,0.001478,0.001863,0.295565
dog,0.3285,0.666438,0.003477,0.001585
owl,0.008996,0.004306,0.319101,0.667598
cat,0.995958,0.003417,0.000603,2.1e-05
fox,3.2e-05,0.010139,0.034196,0.955634
owl,0.058947,0.055092,0.018521,0.86744
cat,0.99962,5.2e-05,0.000307,2e-05
fox,0.413594,0.16219,0.424102,0.000114
fox,0.087663,0.026784,0.854888,0.030665
cat,0.801291,0.004391,0.166368,0.02795
owl,0.020711,0.447329,0.013484,0.518476
cat,0.014715,0.974503,0.010351,0.000431
fox,0.127639,0.000421,0.840892,0.031048
fox,0.005511,0.043648,0.152743,0.798098
dog,0.001777,0.476639,0.35159,0.169994
owl,0.512295,0.341744,0.01581,0.130151
cat,0.267993,0.71687,0.013047,0.00209
dog,0.862637,0.113336,0.019595,0.004432
dog,0.000278,0.999545,2.4e-05,0.000153
fox,0.140044,2.7e-05,0.853947,0.005982
cat,0.884495,0.007523,0.00164,0.106341
dog,0.554896,0.067049,0.293254,0.084802
owl,0.001245,0.022893,0.737185,0.238676
owl,0.001324,0.018792,0.01164,0.968244
cat,0.442115,0.013452,0.512513,0.03192
cat,0.437045,0.325004,0.237551,0.000399
owl,0.009923,0.000193,0.085327,0.904557
fox,4.6e-05,0.044209,0.947854,0.007892
cat,0.041257,0.952152,1e-05,0.006582
fox,0.058214,0.69509,0.244704,0.001993
owl,0.017934,0.009071,0.011177,0.961818
owl,0.029115,0.007442,0.836614,0.126829
cat,0.896088,0.015385,0.030075,0.058452
fox,0.005647,0.000933,0.989083,0.004336
fox,0.010268,0.010165,0.977089,0.002478
cat,0.98088,0.011203,0.0046,0.003318
dog,0.020079,0.084769,0.881961,0.01319
cat,0.199414,0.02196,0.594985,0.183641
dog,4e-06,0.997758,0.002185,5.3e-05
fox,0.015513,0.000166,0.975108,0.009213
owl,3.8e-05,0.017945,0.014643,0.967373
fox,0.274518,0.000667,0.557561,0.167253
owl,0.002224,0.000188,0.025862,0.971726
owl,0.0,0.002543,1.6e-05,0.99744
fox,0.087833,0.182372,0.615667,0.114127
dog,0.218729,0.758979,0.021763,0.000529
cat,0.914026,0.000897,0.000422,0.084656
fox,0.003313,0.006034,0.922406,0.068247
owl,0.035386,0.752049,0.092171,0.120395
cat,0.972805,0.000566,0.025774,0.000854
cat,0.562847,0.095768,0.340868,0.000517
fox,0.076511,0.005863,0.425695,0.49193
owl,0.003722,0.583944,0.322596,0.089738
cat,0.994003,0.001114,0.001079,0.003804
dog,0.016203,0.003141,0.007116,0.97354
fox,0.053721,0.000322,0.945353,0.000604
owl,0.000211,0.00091,0.000163,0.998717
cat,0.040189,0.000608,0.883076,0.076127
owl,0.152621,5e-06,0.533609,0.313766
fox,0.027805,0.597371,0.372444,0.00238
cat,0.367709,0.002762,0.109497,0.520033
cat,0.919784,0.000478,0.066156,0.013582
dog,0.00203,0.990968,0.006774,0.000228
dog,0.002887,0.986073,7e-05,0.01097
dog,0.066899,0.928329,0.000321,0.004451
cat,0.647766,0.345925,0.005166,0.001143
fox,0.228223,0.30758,0.462096,0.002102
dog,0.198949,0.083742,0.696788,0.02052
dog,0.875533,0.030828,0.001941,0.091698
fox,0.026498,0.007255,0.965861,0.000386
fox,0.015169,0.0622,0.516469,0.406162
owl,0.000608,0.000249,0.040119,0.959024
cat,0.997288,0.000987,1.3e-05,0.001712
fox,3e-06,1e-06,0.999894,0.000102
fox,0.03377,0.021739,0.821557,0.122934
owl,0.351631,0.000513,0.002261,0.645595
cat,0.704311,0.042626,0.237418,0.015645
cat,0.01709,0.872199,0.067473,0.043237
owl,0.021351,0.150715,0.031063,0.796871
fox,0.000727,0.007539,0.991356,0.000378
dog,0.006325,0.123224,0.149029,0.721423
owl,0.001643,0.782186,0.005807,0.210363
fox,0.000511,4.4e-05,0.013952,0.985493
dog,0.483961,0.413212,0.003726,0.0991
dog,0.015403,0.920516,0.014194,0.049887
dog,0.427683,0.544718,0.012645,0.014954
dog,0.013475,0.004281,0.907156,0.075089
owl,3.8e-05,0.000718,2e-06,0.999242
owl,0.890333,0.01471,0.01189,0.083067
owl,3.8e-05,0.000909,0.988121,0.010931
dog,0.143582,0.746581,0.002289,0.107548
dog,0.044972,0.207435,0.736937,0.010655
fox,0.907988,5.1e-05,0.091949,1.2e-05
cat,0.978379,0.000402,0.000266,0.020953
fox,0.017645,6e-05,0.982053,0.000241
fox,0.019173,0.039511,0.941246,7e-05
cat,0.996148,0.003612,0.000204,3.6e-05
owl,0.000751,0.001978,0.506621,0.490649
fox,0.000373,0.002164,0.948632,0.048831
dog,0.002633,0.733082,0.055252,0.209033
fox,0.200299,0.01283,0.496779,0.290092
dog,0.012175,0.828885,0.114826,0.044114
cat,0.864637,0.024292,0.011003,0.100068
owl,0.559046,0.105418,0.316645,0.018892
fox,0.002104,0.039752,0.95025,0.007894
dog,0.350095,0.553184,0.004228,0.092493
cat,0.972877,4.5e-05,0.009498,0.01758
cat,0.738193,6.8e-05,0.2607,0.00104
cat,0.450677,0.037845,0.425652,0.085826
dog,0.013842,0.96913,0.002828,0.014199
cat,0.075584,0.742718,0.181365,0.000333
fox,0.095372,0.212643,0.691877,0.000109
dog,0.244802,0.737712,0.001272,0.016214
owl,0.142468,0.001372,0.000656,0.855504
cat,0.924097,0.072044,0.00041,0.003448
cat,0.957349,0.000555,0.000423,0.041672
cat,0.999401,0.000372,7.1e-05,0.000156
owl,0.003495,0.044527,0.398687,0.553291
fox,0.039013,0.467508,0.232417,0.261061
dog,5e-06,0.999645,0.000347,3e-06
owl,0.029491,0.14984,0.004478,0.816191
dog,0.007906,0.885951,0.019574,0.086568
owl,0.002632,0.004238,0.107131,0.885999
cat,0.088247,0.000522,0.904351,0.006879
owl,0.101804,0.003818,0.00242,0.891959
fox,0.796486,0.024888,0.125472,0.053153
fox,0.00154,0.000659,0.985502,0.012298
fox,0.446644,0.026634,0.349482,0.177239
dog,0.000547,0.905611,0.012992,0.08085
cat,0.973822,0.020433,0.000804,0.00494
owl,0.00127,0.004424,0.000507,0.993799
dog,4.3e-05,0.998368,0.000963,0.000626
owl,0.038364,0.01152,0.031491,0.918624
owl,0.024123,0.110321,0.00149,0.864066
fox,0.126983,0.021131,0.784012,0.067874
owl,0.261676,0.482415,0.034148,0.221761
owl,0.08746,0.000911,0.001646,0.909983
fox,4e-06,0.001411,0.998498,8.7e-05
cat,0.605539,0.0,0.020635,0.373826
fox,0.281864,0.010289,0.706406,0.001441
owl,0.355633,0.016563,0.015223,0.612581
cat,0.201181,0.139864,0.650813,0.008142
cat,0.456374,0.529983,0.000188,0.013456
owl,0.033594,0.047322,0.400669,0.518415
fox,0.453769,0.045028,0.477049,0.024154
cat,0.791607,0.013596,0.1925,0.002298
fox,0.000877,0.002497,0.989659,0.006967
fox,0.048063,0.01258,0.917918,0.021438
dog,0.262075,0.737097,0.000325,0.000502
owl,0.116459,0.005345,0.001112,0.877084
cat,0.051912,0.905647,0.041909,0.000533
cat,0.997873,0.000188,0.001211,0.000728
cat,0.808652,0.079916,0.102037,0.009396
owl,0.022247,0.000391,0.893983,0.083379
dog,0.030017,0.944468,0.011498,0.014017
fox,0.006344,0.002394,0.887952,0.10331
owl,7.7e-05,0.929314,0.015122,0.055487
owl,0.001505,1e-05,1.3e-05,0.998471
owl,0.224108,0.001742,0.296057,0.478094
owl,0.02627,0.000562,0.004151,0.969018
owl,0.565396,0.024707,0.116754,0.293143
dog,0.001385,0.261388,0.71986,0.017368
dog,0.021211,0.92926,0.048016,0.001514
dog,0.000696,0.998905,0.000132,0.000267
fox,0.038994,0.099321,0.861011,0.000674
cat,0.960925,0.005364,0.024738,0.008973
dog,0.027205,0.297961,0.229153,0.445682
cat,0.928396,0.006118,0.065405,8.1e-05
dog,8.4e-05,0.996369,0.000143,0.003404
owl,0.001024,0.000329,0.000364,0.998282
fox,0.0,0.001291,0.998603,0.000106
fox,0.053663,0.036802,0.909394,0.00014
cat,0.693825,0.024531,0.214639,0.067004
cat,0.98204,0.003316,0.013036,0.001608
dog,0.015593,0.909602,0.071249,0.003555
dog,0.234212,0.001642,4.3e-05,0.764103
dog,0.00192,0.94687,0.016112,0.035098
fox,0.004255,0.000485,0.037154,0.958106
fox,0.000278,0.226257,0.661956,0.111508
dog,3e-06,0.941426,4.7e-05,0.058524
cat,0.153302,0.51326,0.128827,0.204612
cat,0.539816,0.062012,0.026581,0.371591
dog,0.270756,0.728122,0.000287,0.000835
cat,0.368297,0.022979,0.600002,0.008722
fox,0.001984,0.014564,0.97909,0.004362
fox,0.329521,4.9e-05,0.66929,0.001139
cat,0.539384,0.379608,3.4e-05,0.080974
dog,0.039239,0.491937,3.3e-05,0.468791
dog,0.00451,0.981447,6e-06,0.014037
fox,0.039087,0.773549,0.138535,0.048829
cat,0.862156,0.032455,0.024414,0.080975
owl,0.95406,0.036396,0.000747,0.008797
cat,0.666926,0.103844,0.225517,0.003712
cat,0.89836,0.069092,0.024135,0.008413
cat,0.999691,0.000281,2.5e-05,3e-06
fox,0.000972,0.065161,0.929613,0.004254
owl,0.002061,0.00073,7.1e-05,0.997138
dog,0.00219,0.996266,0.001047,0.000497
cat,0.996579,0.002937,0.000106,0.000379
owl,0.024266,0.626619,0.013746,0.335368
cat,0.516318,0.073528,0.396376,0.013777
dog,0.765406,0.175431,0.014415,0.044748
owl,0.037513,0.001587,0.066801,0.894099
owl,0.002783,0.986943,0.000893,0.009382
cat,0.168976,0.828306,0.000613,0.002104
owl,0.005693,0.000222,0.01551,0.978574
dog,6.2e-05,0.999689,0.000108,0.00014
fox,0.01119,0.002851,0.962235,0.023724
cat,0.993082,0.003629,0.002964,0.000326
owl,0.01225,0.045323,0.004956,0.937471
fox,0.003694,0.513447,0.43698,0.045879
owl,0.00992,0.009306,0.03392,0.946855
fox,6.1e-05,0.00203,0.993148,0.004761
cat,0.0146,0.004096,0.005788,0.975517
owl,6.3e-05,0.000125,0.011225,0.988587
dog,0.000266,0.966791,0.021662,0.011282
fox,0.320147,0.005838,0.636644,0.037372
cat,0.005452,0.959744,0.027168,0.007636
dog,0.001224,0.99633,0.002082,0.000364
owl,0.371421,0.129628,0.016639,0.482312
cat,0.21536,0.003334,0.107539,0.673767
fox,0.038088,0.018608,0.940212,0.003093
owl,0.019026,0.002292,0.050972,0.92771
cat,0.556702,0.439944,0.000582,0.002772
owl,0.32088,0.203965,0.001965,0.473189
dog,0.349839,0.442524,0.204149,0.003489
fox,0.000285,0.039197,0.568084,0.392434
owl,0.000247,0.031002,0.000363,0.968388
cat,0.831996,0.004304,0.162018,0.001683
fox,0.005016,0.00112,0.161663,0.832202
fox,0.000954,0.000363,0.998335,0.000348
dog,0.000224,0.879953,0.114893,0.004929
owl,0.011128,0.024078,0.819684,0.145109
cat,0.908378,0.000185,0.071107,0.020329
fox,0.154651,0.002648,0.8422,0.000501
fox,0.007236,0.017275,0.953332,0.022157
dog,0.38723,0.579276,0.026078,0.007416
fox,0.00698,0.001339,0.676862,0.314818
cat,0.503525,0.483261,0.000349,0.012865
fox,0.007014,0.530263,0.239155,0.223568
dog,0.003347,0.987826,0.00811,0.000718
dog,0.057177,0.014535,0.406919,0.521369
fox,0.986272,0.00046,0.00606,0.007209
owl,0.03176,0.023524,0.192029,0.752687
dog,0.022614,0.770283,0.087474,0.119629
dog,0.014824,0.445937,0.023761,0.515478
cat,0.510485,0.408548,0.053016,0.027952
owl,0.063901,0.004578,0.001664,0.929857
fox,0.032401,0.000535,0.959337,0.007727
dog,0.027858,0.842543,0.046348,0.08325
owl,0.797202,5.9e-05,0.001013,0.201726
owl,4.1e-05,0.008656,0.002813,0.988491
fox,0.003872,0.577017,0.353297,0.065814
fox,0.000645,0.892125,0.029187,0.078042
cat,0.333199,0.236201,0.040586,0.390014
fox,0.153157,0.198507,0.556961,0.091375
owl,0.026995,0.000144,0.138345,0.834515
owl,0.000636,0.006329,0.000999,0.992035
dog,0.274963,0.097141,0.51594,0.111956
owl,0.000804,0.105339,0.00185,0.892007
owl,0.005271,0.087387,0.003441,0.903902
dog,0.000883,0.96966,0.00673,0.022727
dog,0.006221,0.980841,1.4e-05,0.012924
dog,3e-05,0.999836,8e-06,0.000126
dog,6.4e-05,0.985766,0.00251,0.011659
owl,0.269927,0.000536,0.037719,0.691818
dog,0.307212,0.636398,0.014372,0.042018
fox,0.001125,0.00936,0.86353,0.125986
owl,0.001948,0.000183,0.000123,0.997747
fox,0.003933,0.007019,0.960116,0.028931
fox,0.739639,3e-06,0.007147,0.253211
owl,2.6e-05,0.000105,0.002406,0.997463
owl,0.00859,9.9e-05,0.166009,0.825301
fox,0.000433,2e-06,0.998921,0.000644
owl,0.850015,0.028481,0.010837,0.110668
cat,0.52798,0.47136,0.000184,0.000477
cat,0.990983,0.001936,0.001373,0.005709
owl,0.144532,0.149241,0.625851,0.080375
dog,0.031266,0.311114,0.011072,0.646548
owl,0.011433,0.775969,0.051515,0.161083
cat,0.659611,0.035439,0.257491,0.047459
dog,0.771547,0.208797,0.003708,0.015948
cat,0.183271,0.805857,0.010681,0.000191
fox,8.8e-05,0.639731,0.171559,0.188622
fox,0.000901,0.778572,0.102645,0.117882
fox,0.585256,0.016867,0.397459,0.000419
fox,0.001485,0.000113,0.97284,0.025562
fox,0.2738,0.054085,0.003025,0.669091
cat,0.034079,0.624085,0.265581,0.076254
owl,0.048157,0.056207,0.249227,0.646409
cat,0.995078,0.002339,0.002458,0.000126
owl,0.022548,0.009224,6.1e-05,0.968167
cat,0.820273,0.01737,0.049718,0.112639
cat,0.030032,4e-05,0.016745,0.953183
dog,0.022525,0.964185,0.012654,0.000636
cat,0.023519,0.08438,0.00132,0.890781
cat,0.954875,0.044988,2e-05,0.000117
owl,0.003212,0.621246,0.162575,0.212967
owl,0.27386,0.009285,0.345881,0.370974
owl,0.096239,0.137014,0.590867,0.17588
fox,0.006342,0.000279,0.783001,0.210378
cat,0.414784,0.019941,0.009276,0.555999
dog,0.193126,0.321875,0.013322,0.471677
cat,0.595532,0.253042,0.009483,0.141943
cat,0.853078,0.003544,0.141992,0.001387
owl,0.006161,0.003372,0.00284,0.987627
dog,0.083093,0.270372,0.249205,0.39733
owl,0.009616,0.024678,0.122988,0.842719
dog,0.552358,0.206732,0.179227,0.061683
owl,0.002543,0.731282,8.7e-05,0.266088
owl,0.99453,0.004525,3.5e-05,0.00091
cat,0.985614,0.001139,0.010818,0.002429
dog,3.5e-05,0.999556,0.000129,0.00028
owl,0.001893,0.023822,0.025891,0.948394
fox,0.02438,0.000251,0.968786,0.006582
owl,0.146341,0.004501,0.808557,0.040601
fox,0.052523,0.000851,0.862774,0.083851
dog,0.000215,0.000908,0.000461,0.998416
dog,0.000846,0.487482,0.134673,0.377
cat,0.764504,0.132546,0.097375,0.005576
cat,0.988776,0.003917,0.007301,6e-06
dog,0.001365,0.77724,0.019091,0.202304
owl,0.103206,0.001014,0.370208,0.525571
cat,0.91587,0.002533,0.079305,0.002293
dog,0.042751,0.907511,0.037779,0.011959
fox,0.348807,0.000268,0.626059,0.024866
cat,0.961975,0.025078,0.001,0.011946
dog,0.00855,0.991154,0.000206,9.1e-05
fox,0.012682,1.4e-05,0.987088,0.000215
dog,0.000212,0.61827,0.381476,4.3e-05
fox,0.088269,0.000418,0.911001,0.000313
owl,2e-05,0.106746,0.028796,0.864438
cat,0.914003,0.04589,0.038771,0.001335
fox,0.210844,0.56517,0.223683,0.000303
fox,0.000903,0.000493,0.936402,0.062202
dog,0.003727,0.993237,0.000426,0.00261
dog,6.1e-05,0.915274,0.078814,0.005851
fox,0.011402,0.215447,0.731811,0.04134
owl,0.004596,0.111308,0.073512,0.810584
fox,0.000252,0.000108,0.999452,0.000188
owl,0.103549,0.11663,0.058529,0.721292
cat,0.395837,0.510385,0.003697,0.090081
owl,0.000596,0.007943,0.005253,0.986208
fox,0.067836,0.049531,0.512762,0.369871
fox,0.003644,0.000208,0.995956,0.000193
fox,0.014136,5.1e-05,0.985653,0.00016
cat,0.271475,0.002921,0.006492,0.719112
dog,0.006061,0.978173,0.015689,7.6e-05
owl,0.207976,0.298489,0.043125,0.45041
fox,0.00743,0.00406,0.978149,0.01036
cat,0.861112,1.2e-05,0.119459,0.019417
fox,0.000578,0.015098,0.939252,0.045073
dog,0.582407,0.411846,0.00507,0.000678
owl,0.001038,0.414631,0.015345,0.568986
fox,0.001008,9e-06,0.986975,0.012008
owl,0.92795,0.031976,0.024047,0.016026
owl,0.01042,0.001323,0.123318,0.864938
cat,0.452132,0.002812,0.523904,0.021153
owl,1.8e-05,0.102039,0.043651,0.854292
cat,0.043046,0.049877,0.191396,0.715682
fox,0.039046,0.024812,0.211297,0.724845
fox,0.301824,0.000852,0.682817,0.014507
fox,0.006286,0.0066,0.940665,0.046449
owl,0.001415,0.004645,0.002251,0.991689
dog,0.441971,0.554212,0.003793,2.5e-05
dog,0.81645,0.158446,0.013965,0.011139
owl,0.020888,0.0151,3.1e-05,0.963981
fox,0.01612,0.001514,0.896621,0.085745
owl,0.005928,7.2e-05,0.025372,0.968629
dog,0.629319,0.270301,0.079737,0.020643
dog,0.011695,0.864152,0.12341,0.000743
owl,0.127854,0.323442,0.014588,0.534116
cat,0.929671,0.044634,0.025152,0.000544
owl,0.025051,0.000151,0.262946,0.711852
cat,0.992874,0.005643,0.001281,0.000203
cat,0.250043,0.070478,0.668035,0.011444
cat,0.999401,0.000296,2.9e-05,0.000273
fox,2.3e-05,5.4e-05,0.9983,0.001624
dog,0.260783,0.314638,0.422084,0.002495
dog,0.709259,0.045519,0.191414,0.053807
owl,0.001992,0.163247,0.092024,0.742737
owl,0.052334,0.008365,0.203292,0.736008
dog,0.169694,0.729453,0.005618,0.095235
dog,0.019371,0.040742,0.001755,0.938132
owl,0.000209,2.3e-05,0.001549,0.998219
dog,0.306618,0.68351,0.005319,0.004553
owl,0.00064,0.003135,0.994122,0.002104
cat,0.867482,0.000394,0.047846,0.084277
owl,0.138692,0.05036,0.000183,0.810765
dog,2.9e-05,0.987288,0.000301,0.012382
owl,0.00016,0.001119,0.000105,0.998615
cat,0.519275,0.448501,0.011912,0.020312
cat,0.913416,0.016256,0.000114,0.070214
fox,0.030695,0.018549,0.944599,0.006157
owl,0.018623,0.000199,0.110547,0.870631
cat,0.572489,0.095161,0.015732,0.316618
cat,0.659169,0.004413,0.335922,0.000495
fox,1.4e-05,1e-06,0.999781,0.000204
fox,0.007119,0.000489,0.992385,8e-06
owl,0.021907,0.975898,0.000523,0.001671
fox,0.190205,0.002539,0.366657,0.440599
owl,0.148922,0.248926,0.39027,0.211883
dog,0.001324,0.988864,0.009258,0.000554
fox,4.5e-05,0.447954,0.502565,0.049436
fox,0.002553,0.00242,0.991999,0.003028
dog,0.005309,0.038372,0.711921,0.244399
fox,0.000502,0.000136,0.984425,0.014937
owl,0.10176,0.002308,0.171704,0.724228
fox,0.002341,0.256041,0.696873,0.044745
cat,0.947413,0.04736,0.000923,0.004304
cat,0.972628,3.2e-05,0.003449,0.02389
owl,0.095233,0.181735,0.003223,0.719809
dog,0.170546,0.515152,0.13084,0.183462
dog,0.155591,0.401611,0.034333,0.408465
owl,0.026489,0.854233,0.000167,0.119111
fox,0.031144,0.006263,0.960835,0.001758
fox,0.628443,0.112984,0.027155,0.231418
owl,0.702724,0.139314,0.002083,0.155879
owl,0.003604,0.01158,0.032629,0.952187
fox,0.023507,0.002349,0.092172,0.881972
owl,0.370793,0.13692,0.449064,0.043224
owl,0.217844,0.011484,0.014722,0.755949
owl,0.164134,0.143263,0.076316,0.616287
dog,0.149961,0.043915,0.056978,0.749145
fox,0.255429,0.004893,0.409707,0.329971
fox,0.008808,0.000391,0.990658,0.000144
cat,0.652479,0.208632,0.003355,0.135535
owl,0.667897,0.05411,0.022498,0.255494
dog,0.006612,0.988959,0.003034,0.001395
fox,0.420208,0.341448,0.064051,0.174293
owl,2e-06,0.020647,0.58166,0.397691
fox,0.105136,0.286144,0.59372,0.015
cat,0.603479,0.001243,0.093772,0.301506
dog,0.001007,0.871716,0.048783,0.078494
fox,0.007875,0.025096,0.959792,0.007237
fox,0.047902,0.798691,0.01281,0.140596
owl,0.021516,0.000733,0.106028,0.871722
dog,0.000374,0.999102,0.00037,0.000154
cat,0.991412,0.000211,0.004838,0.003539
dog,0.000872,0.044134,0.029681,0.925314
dog,0.397919,0.5718,0.001553,0.028729
owl,0.487424,0.026374,0.127017,0.359185
fox,0.001481,0.971471,0.026976,7.1e-05
owl,0.180786,0.011074,0.67937,0.12877
fox,0.062914,0.013262,0.921012,0.002811
owl,6e-06,0.975066,0.000272,0.024655
fox,0.171834,0.027388,0.790403,0.010375
cat,0.982795,1.7e-05,0.016538,0.000649
owl,0.004213,0.006382,0.217392,0.772012
owl,0.00187,0.036634,0.004009,0.957488
owl,0.01939,0.25072,0.266302,0.463588
fox,0.56013,0.009207,0.430193,0.00047
cat,0.007016,0.034837,0.000573,0.957574
owl,0.005049,0.009631,0.472286,0.513034
owl,0.052208,0.501245,0.040686,0.405862
owl,4.3e-05,4e-06,5e-06,0.999949
fox,1e-06,0.000672,0.994745,0.004581
fox,0.023731,0.020925,0.25667,0.698675
fox,0.001205,0.150677,0.438299,0.409818
cat,0.583804,0.003766,0.000151,0.412279
owl,0.136352,0.005705,0.019335,0.838609
owl,0.001685,0.480249,0.006606,0.51146
owl,0.015091,0.952893,0.000764,0.031253
dog,0.00089,0.37818,0.308117,0.312812
owl,0.00154,0.012286,0.717837,0.268338
cat,0.940041,0.055555,0.004276,0.000128
dog,0.072652,0.006791,0.920545,1.2e-05
owl,0.004952,9.4e-05,0.003732,0.991222
owl,0.041796,0.007293,0.0118,0.939111
cat,0.53132,0.317695,0.150812,0.000173
dog,0.005718,0.91214,0.070591,0.011551
fox,0.005694,0.103596,0.875453,0.015256
fox,0.772199,0.000139,0.223785,0.003877
dog,0.000276,0.56092,0.436128,0.002676
owl,0.096185,0.03074,0.000827,0.872249
cat,0.570112,0.152724,0.077034,0.20013
cat,0.999279,0.000126,0.000214,0.000382
cat,0.093303,0.250756,0.649271,0.006671
owl,0.175874,0.135474,0.64987,0.038783
dog,0.126365,0.867864,0.000807,0.004964
cat,0.961315,0.036319,0.001591,0.000774
fox,0.187366,0.262208,0.484432,0.065995
cat,0.974787,0.02337,3.2e-05,0.001811
cat,0.663813,0.310473,0.0199,0.005814
fox,0.077024,0.001652,0.269764,0.651561
cat,0.784869,0.010181,0.056558,0.148391
dog,0.000444,0.961329,0.00254,0.035686
dog,0.022643,0.777412,0.05478,0.145164
dog,0.003228,0.965038,0.023412,0.008321
cat,0.90244,0.010783,0.029498,0.057279
dog,0.760804,0.030796,0.186925,0.021475
fox,0.017056,0.138266,0.842859,0.00182
owl,7.5e-05,0.002674,0.002182,0.995069
fox,0.020589,0.434572,0.52922,0.015619
dog,0.034166,0.617488,0.321879,0.026466
fox,0.032113,0.000883,0.949586,0.017418
owl,0.931727,0.008545,0.037181,0.022548
dog,0.02448,0.618739,0.356702,7.9e-05
owl,0.009328,0.001571,0.198714,0.790387
dog,0.414858,0.290047,0.280713,0.014381
owl,0.000261,0.003463,0.00133,0.994947
dog,3.9e-05,0.907861,0.090965,0.001135
owl,0.044171,0.008585,0.603619,0.343625
fox,0.012097,0.212841,0.368701,0.406361
fox,0.067548,0.021846,0.909579,0.001027
owl,0.000493,0.000275,1.2e-05,0.99922
dog,0.017879,0.307307,0.673732,0.001083
owl,0.011373,0.001353,0.006837,0.980437
dog,0.007057,0.877052,0.028973,0.086918
fox,0.016688,0.000776,0.981805,0.000732
dog,0.000154,0.989107,0.009012,0.001727
dog,0.282717,0.408247,0.000607,0.308429
dog,0.000464,0.259248,0.002029,0.738259
cat,0.981715,0.001613,0.016168,0.000505
dog,0.136846,0.596264,0.261208,0.005683
owl,0.001,0.011624,0.006445,0.98093
owl,0.002877,0.552788,0.231774,0.212561
cat,0.817385,0.145203,0.003683,0.033729
fox,0.00547,0.034458,0.820693,0.139379
owl,8e-06,7.2e-05,0.0009,0.99902
dog,0.960499,0.036762,2e-05,0.002719
dog,0.23602,0.185219,0.197529,0.381233
dog,0.150888,0.848367,0.000692,5.3e-05
owl,0.572646,0.00373,0.047379,0.376245
owl,0.005595,0.202404,0.403366,0.388636
dog,0.008266,0.933161,0.018113,0.04046
owl,0.037568,0.000645,0.006263,0.955524
fox,0.044603,0.117166,0.551971,0.28626
owl,0.001262,0.984613,0.004661,0.009464
owl,0.717711,0.00957,0.007311,0.265408
cat,0.901091,0.0915,0.007399,1.1e-05
fox,0.007642,0.000262,0.987873,0.004223
cat,0.10007,0.882461,0.016398,0.001071
owl,0.993206,0.000258,0.000465,0.00607
dog,0.002649,0.56406,0.390671,0.04262
fox,0.011261,0.006792,0.981917,3e-05
cat,0.669947,0.015264,0.081284,0.233505
fox,0.120906,0.159657,0.719404,3.4e-05
fox,0.000694,0.255116,0.010682,0.733508
owl,0.137602,0.001573,0.049459,0.811367
cat,0.798099,0.074456,0.022473,0.104972
owl,0.000114,0.000525,0.160914,0.838448
fox,0.003481,0.982864,0.013203,0.000452
dog,1e-06,0.185736,0.000303,0.813959
owl,0.002605,0.001719,5e-06,0.99567
owl,0.001833,0.003298,9e-06,0.99486
fox,0.469829,0.004544,0.442593,0.083034
fox,0.089242,0.093684,0.814393,0.00268
cat,0.860684,0.101361,0.000245,0.037709
owl,0.332408,0.038399,0.001643,0.62755
fox,0.002825,0.034372,0.362639,0.600165
dog,0.000255,0.440275,0.558769,0.000701
owl,0.586314,0.009328,0.000226,0.404133
cat,0.857607,0.106206,0.010895,0.025292
dog,0.005563,0.994152,0.00028,4e-06
cat,0.539936,0.076502,0.096408,0.287154
dog,0.976945,0.017991,0.005059,5e-06
owl,0.383027,0.021956,0.148575,0.446442
dog,5.7e-05,0.999783,2.3e-05,0.000137
fox,0.026521,0.000348,0.889508,0.083623
dog,0.020313,0.966493,0.004735,0.008459
owl,0.011689,0.001462,0.030469,0.956381
cat,0.264649,0.732396,7.5e-05,0.00288
dog,9.3e-05,0.942211,0.003662,0.054034
owl,0.000229,0.987287,0.001704,0.010781
fox,3.5e-05,0.400726,0.533149,0.06609
cat,0.696027,0.138228,0.011701,0.154044
owl,0.959628,0.010651,0.024715,0.005006
dog,0.018187,0.438859,0.002303,0.54065
fox,6e-06,0.000271,0.999566,0.000157
fox,7.8e-05,0.482592,0.517075,0.000255
cat,0.87969,0.059442,0.001848,0.05902
cat,0.877343,0.011391,0.096313,0.014953
dog,0.053744,0.53794,0.396328,0.011987
owl,1.8e-05,1.9e-05,0.000434,0.999529
cat,0.402887,0.066653,0.529308,0.001152
owl,0.178961,0.00305,0.087702,0.730287
dog,0.621928,0.284868,0.004874,0.08833
dog,0.001932,0.998009,5e-05,8e-06
dog,0.029222,0.966198,0.00035,0.00423
fox,0.002434,2.5e-05,0.976759,0.020781
dog,0.30539,0.317156,0.034182,0.343272
dog,0.041695,0.901455,0.031956,0.024893
cat,0.389252,0.448186,0.002134,0.160427
dog,0.583997,0.375926,0.002046,0.038031
dog,0.231719,0.766414,0.000671,0.001196
dog,0.016463,0.29148,0.00072,0.691338
dog,3.2e-05,0.999649,0.000267,5.1e-05
fox,0.14124,0.64326,0.214252,0.001248
cat,0.566084,0.006017,0.42105,0.006848
owl,0.000348,0.002249,0.000955,0.996447
owl,0.472095,0.022922,0.022341,0.482643
fox,0.000178,0.002972,0.550119,0.446732
cat,0.709949,0.27971,0.001034,0.009307
cat,0.99624,0.001589,0.001918,0.000254
dog,0.002089,0.734962,0.236135,0.026814
fox,0.000671,0.003048,0.995762,0.000519
owl,0.140284,0.000436,0.074361,0.784919
cat,0.943963,0.000183,0.000561,0.055293
fox,0.011549,0.007426,0.164512,0.816512
dog,0.16461,0.829679,0.00119,0.004522
owl,0.044854,0.001018,0.039689,0.914439
dog,0.000201,0.378317,0.607675,0.013808
fox,0.10255,0.085599,0.727453,0.084398
owl,0.001149,0.001092,0.545996,0.451764
owl,0.004858,0.027268,0.009203,0.958672
owl,0.00225,0.97339,7.5e-05,0.024286
cat,0.293395,0.010575,0.676686,0.019343
owl,0.017412,0.284292,0.002285,0.69601
dog,0.000316,0.962106,0.003133,0.034445
dog,0.166683,0.759444,0.037751,0.036122
fox,0.012572,0.179497,0.807926,5e-06
dog,0.019183,0.755464,0.000883,0.224469
cat,0.979772,0.009958,1.2e-05,0.010258
